[{
	"type": "row",
	"layout": "66",
	"settings": {
		"name": "Top Bar",
		"background_color": "#f5f5f5",
		"color": "#999999",
		"background_image": "",
		"background_repeat": "no-repeat",
		"background_size": "cover",
		"background_attachment": "fixed",
		"background_position": "0 0",
		"link_color": "",
		"link_hover_color": "",
		"hidden_xs": 0,
		"hidden_sm": 0,
		"hidden_md": 0,
		"padding": "",
		"margin": "",
		"fluidrow": 0,
		"custom_class": "",
		"bg_position": "contain",
		"bg_img_size": "cover",
		"bg_repeat": "no-repeat",
		"md_hidden": 0,
		"ms_hidden": 0,
		"xs_hidden": 0,
		"text_color": "#ffffff",
		"bg_image": "images/powered_by.png",
		"bg_color": "#f02222"
	},
	"attr": [{
		"type": "sp_col",
		"className": "layout-column col-sm-6",
		"settings": {
			"sortableitem": "[object Object]",
			"xs_hidden": 0,
			"ms_hidden": 0,
			"md_hidden": 0,
			"custom_class": "",
			"name": "top1",
			"column_type": 0
		}
	},
	{
		"type": "sp_col",
		"className": "layout-column col-sm-6",
		"settings": {
			"column_type": 0,
			"sortableitem": "[object Object]",
			"name": "top2",
			"xs_hidden": 0,
			"ms_hidden": 0,
			"md_hidden": 0,
			"custom_class": ""
		}
	}]
},
{
	"type": "row",
	"layout": "39",
	"settings": {
		"name": "Header",
		"background_color": "",
		"color": "",
		"background_image": "",
		"link_color": "",
		"link_hover_color": "",
		"hidden_xs": 0,
		"hidden_sm": 0,
		"hidden_md": 0,
		"padding": "",
		"margin": "",
		"fluidrow": 0,
		"custom_class": ""
	},
	"attr": [{
		"type": "sp_col",
		"className": "layout-column col-sm-3",
		"settings": {
			"column_type": 0,
			"name": "logo",
			"hidden_xs": 0,
			"hidden_sm": 0,
			"hidden_md": 0,
			"sm_col": "",
			"xs_col": "col-xs-8",
			"custom_class": "",
			"xs_hidden": 0,
			"ms_hidden": 0,
			"md_hidden": 0,
			"sortableitem": "[object Object]"
		}
	},
	{
		"type": "sp_col",
		"className": "layout-column col-sm-9",
		"settings": {
			"xs_col": "col-xs-4",
			"sm_col": "",
			"hidden_md": 0,
			"hidden_sm": 0,
			"hidden_xs": 0,
			"column_type": 0,
			"name": "menu",
			"xs_hidden": 0,
			"ms_hidden": 0,
			"md_hidden": 0,
			"custom_class": "",
			"sortableitem": "[object Object]"
		}
	}]
},
{
	"type": "row",
	"layout": 12,
	"settings": {
		"custom_class": "",
		"fluidrow": 1,
		"margin": "",
		"padding": "",
		"hidden_md": 0,
		"hidden_sm": 0,
		"hidden_xs": 0,
		"link_hover_color": "",
		"link_color": "",
		"background_image": "",
		"color": "",
		"background_color": "",
		"name": "Page Title"
	},
	"attr": [{
		"type": "sp_col",
		"className": "layout-column col-sm-12",
		"settings": {
			"custom_class": "",
			"xs_col": "",
			"sm_col": "",
			"hidden_md": 0,
			"hidden_sm": 0,
			"hidden_xs": 0,
			"name": "title",
			"column_type": 0
		}
	}]
},
{
	"type": "row",
	"layout": "363",
	"settings": {
		"custom_class": "",
		"md_hidden": 0,
		"ms_hidden": 0,
		"xs_hidden": 0,
		"link_hover_color": "",
		"link_color": "",
		"text_color": "",
		"bg_image": "",
		"bg_color": "",
		"name": "Main Body"
	},
	"attr": [{
		"type": "sp_col",
		"className": "layout-column col-sm-3",
		"settings": {
			"column_type": 0,
			"name": "left",
			"xs_hidden": 0,
			"ms_hidden": 0,
			"md_hidden": 0,
			"custom_class": "custom-class",
			"sortableitem": "[object Object]"
		}
	},
	{
		"type": "sp_col",
		"className": "layout-column col-sm-6",
		"settings": {
			"column_type": 1,
			"name": "",
			"custom_class": "",
			"md_hidden": 0,
			"ms_hidden": 0,
			"xs_hidden": 0,
			"sortableitem": "[object Object]"
		}
	},
	{
		"type": "sp_col",
		"className": "layout-column col-sm-3",
		"settings": {
			"custom_class": "class2",
			"md_hidden": 0,
			"ms_hidden": 0,
			"xs_hidden": 0,
			"name": "right",
			"column_type": 0,
			"sortableitem": "[object Object]"
		}
	}]
},
{
	"type": "row",
	"layout": "3333",
	"settings": {
		"name": "Bottom",
		"background_color": "#f5f5f5",
		"color": "",
		"background_image": "",
		"link_color": "",
		"link_hover_color": "",
		"hidden_xs": 0,
		"hidden_sm": 0,
		"hidden_md": 0,
		"padding": "100px 0px",
		"margin": "",
		"fluidrow": 0,
		"custom_class": ""
	},
	"attr": [{
		"type": "sp_col",
		"className": "layout-column col-sm-3 column-active",
		"settings": {
			"column_type": 0,
			"name": "bottom1",
			"hidden_xs": 0,
			"hidden_sm": 0,
			"hidden_md": 0,
			"sm_col": "col-sm-6",
			"xs_col": "",
			"custom_class": "",
			"sortableitem": "[object Object]"
		}
	},
	{
		"type": "sp_col",
		"className": "layout-column col-sm-3",
		"settings": {
			"custom_class": "",
			"xs_col": "",
			"sm_col": "col-sm-6",
			"hidden_md": 0,
			"hidden_sm": 0,
			"hidden_xs": 0,
			"name": "bottom2",
			"column_type": 0
		}
	},
	{
		"type": "sp_col",
		"className": "layout-column col-sm-3",
		"settings": {
			"custom_class": "",
			"xs_col": "",
			"sm_col": "col-sm-6",
			"hidden_md": 0,
			"hidden_sm": 0,
			"hidden_xs": 0,
			"name": "bottom3",
			"column_type": 0
		}
	},
	{
		"type": "sp_col",
		"className": "layout-column col-sm-3",
		"settings": {
			"custom_class": "",
			"xs_col": "",
			"sm_col": "col-sm-6",
			"hidden_md": 0,
			"hidden_sm": 0,
			"hidden_xs": 0,
			"name": "bottom4",
			"column_type": 0
		}
	}]
},
{
	"type": "row",
	"layout": 12,
	"settings": {
		"custom_class": "",
		"md_hidden": 0,
		"ms_hidden": 0,
		"xs_hidden": 0,
		"link_hover_color": "",
		"link_color": "",
		"text_color": "",
		"bg_image": "",
		"bg_color": "",
		"name": "Footer"
	},
	"attr": [{
		"type": "sp_col",
		"className": "layout-column col-sm-12",
		"settings": {
			"xs_col": "",
			"sm_col": "",
			"hidden_md": 0,
			"hidden_sm": 0,
			"hidden_xs": 0,
			"column_type": 0,
			"name": "footer1",
			"xs_hidden": 0,
			"ms_hidden": 0,
			"md_hidden": 0,
			"custom_class": "",
			"sortableitem": "[object Object]"
		}
	}]
}]